metavar,cluster,gene,statistic,p.value,FDR
dx,0,AASDH,1,1,1
dx,0,ABCA1,1,1,1
dx,0,ABCE1,1,1,1
dx,0,ABHD12,1,1,1
dx,0,ABHD2,1,1,1
dx,0,ABHD5,1,1,1
dx,0,ABI3,2,1,1
dx,0,ABL2,1,1,1
dx,0,ABLIM3,1,1,1
dx,0,ACBD3,1,1,1
dx,0,ACBD5,1,1,1
dx,0,ACN9,1,1,1
dx,0,ACPL2,1,1,1
dx,0,ACRBP,1,1,1
dx,0,ACSS2,1,1,1
dx,0,ACTA2,3,0.5,1
dx,0,ACTB,3,0.5,1
dx,0,ACVR1B,3,0.5,1
dx,0,ACY3,1,1,1
dx,0,ADA,1,1,1
dx,0,ADAL,1,1,1
dx,0,ADAM19,0,0.5,1
dx,0,ADAMDEC1,1,1,1
dx,0,ADAP2,1,1,1
dx,0,ADCK2,1,1,1
dx,0,ADCY3,3,0.5,1
dx,0,ADIPOR2,1,1,1
dx,0,ADK,1,1,1
dx,0,ADM,3,0.5,1
dx,0,ADORA2B,0,0.5,1
dx,0,ADPRHL2,1,1,1
dx,0,ADRA2B,1,1,1
dx,0,ADRB1,1,1,1
dx,0,AGA,1,1,1
dx,0,AGBL2,3,0.5,1
dx,0,AGFG2,0,0.5,1
dx,0,AGO1,1,1,1
dx,0,AGPAT4,1,1,1
dx,0,AHI1,1,1,1
dx,0,AHSA2,1,1,1
dx,0,AIF1,3,0.5,1
dx,0,AIFM1,1,1,1
dx,0,AIFM2,1,1,1
dx,0,AK8,0,0.5,1
dx,0,AKAP11,1,1,1
dx,0,AKIRIN1,1,1,1
dx,0,AKR1B1,1,1,1
dx,0,AKR1E2,3,0.5,1
dx,0,AKT2,1,1,1
dx,0,AKT3,3,0.5,1
dx,0,ALAD,1,1,1
dx,0,ALDH1A1,1,1,1
dx,0,ALDH4A1,1,1,1
dx,0,ALDH6A1,1,1,1
dx,0,ALMS1,1,1,1
dx,0,ALOX5AP,2,1,1
dx,0,AMBRA1,1,1,1
dx,0,ANAPC7,1,1,1
dx,0,ANG,1,1,1
dx,0,ANKDD1A,1,1,1
dx,0,ANKRD22,0,0.5,1
dx,0,ANKRD26,1,1,1
dx,0,ANKRD28,1,1,1
dx,0,ANKRD32,1,1,1
dx,0,ANKRD37,1,1,1
dx,0,ANKRD46,1,1,1
dx,0,ANO10,1,1,1
dx,0,ANXA1,2,1,1
dx,0,ANXA2,2,1,1
dx,0,ANXA2R,1,1,1
dx,0,AP1S3,1,1,1
dx,0,AP3M1,1,1,1
dx,0,AP5M1,1,1,1
dx,0,APBB3,3,0.5,1
dx,0,API5,1,1,1
dx,0,APOA1,1,1,1
dx,0,APOBEC3A,1,1,1
dx,0,APOBEC3B,1,1,1
dx,0,APOBEC3C,1,1,1
dx,0,APOBEC3G,1,1,1
dx,0,APOE,1,1,1
dx,0,APOL2,1,1,1
dx,0,APOL3,1,1,1
dx,0,AQP9,1,1,1
dx,0,AREG,0,0.5,1
dx,0,ARHGAP11A,3,0.5,1
dx,0,ARHGAP22,1,1,1
dx,0,ARHGAP31,1,1,1
dx,0,ARHGAP33,1,1,1
dx,0,ARHGAP6,1,1,1
dx,0,ARHGEF37,1,1,1
dx,0,ARHGEF40,1,1,1
dx,0,ARHGEF9,1,1,1
dx,0,ARID3A,1,1,1
dx,0,ARID5A,1,1,1
dx,0,ARID5B,1,1,1
dx,0,ARL2,1,1,1
dx,0,ARL4A,1,1,1
dx,0,ARL4C,1,1,1
dx,0,ARL4D,1,1,1
dx,0,ARRDC3,1,1,1
dx,0,ASCC3,1,1,1
dx,0,ASGR2,1,1,1
dx,0,ASRGL1,1,1,1
dx,0,ATF2,3,0.5,1
dx,0,ATF3,1,1,1
dx,0,ATF5,1,1,1
dx,0,ATF7IP2,1,1,1
dx,0,ATG2B,3,0.5,1
dx,0,ATG9B,1,1,1
dx,0,ATMIN,1,1,1
dx,0,ATP10A,1,1,1
dx,0,ATP1B1,1,1,1
dx,0,ATP2B1,1,1,1
dx,0,ATP5B,1,1,1
dx,0,ATP5SL,1,1,1
dx,0,ATP8B3,1,1,1
dx,0,ATRIP,3,0.5,1
dx,0,ATXN7L1,3,0.5,1
dx,0,ATXN7L3B,1,1,1
dx,0,AVL9,1,1,1
dx,0,B2M,2,1,1
dx,0,B3GALNT1,1,1,1
dx,0,B4GALT1,0,0.5,1
dx,0,B4GALT7,1,1,1
dx,0,BAG5,1,1,1
dx,0,BAI3,3,0.5,1
dx,0,BANK1,1,1,1
dx,0,BASP1,1,1,1
dx,0,BATF,1,1,1
dx,0,BATF3,1,1,1
dx,0,BAZ2B,1,1,1
dx,0,BBX,1,1,1
dx,0,BCAS4,1,1,1
dx,0,BCL11A,1,1,1
dx,0,BCL2,0,0.5,1
dx,0,BCL2A1,1,1,1
dx,0,BCL7A,1,1,1
dx,0,BDP1,1,1,1
dx,0,BEGAIN,3,0.5,1
dx,0,BEX4,1,1,1
dx,0,BHLHE40,1,1,1
dx,0,BICC1,0,0.5,1
dx,0,BID,1,1,1
dx,0,BIRC3,1,1,1
dx,0,BLK,0,0.5,1
dx,0,BLOC1S3,1,1,1
dx,0,BLVRA,1,1,1
dx,0,BMP1,0,0.5,1
dx,0,BMP2K,3,0.5,1
dx,0,BPI,3,0.5,1
dx,0,BPNT1,1,1,1
dx,0,BRD8,1,1,1
dx,0,BRI3BP,1,1,1
dx,0,BTBD11,3,0.5,1
dx,0,BTD,1,1,1
dx,0,BTG2,2,1,1
dx,0,BTNL8,0,0.5,1
dx,0,BTNL9,1,1,1
dx,0,BYSL,1,1,1
dx,0,BZRAP1,1,1,1
dx,0,BZW2,1,1,1
dx,0,C10orf111,1,1,1
dx,0,C10orf118,1,1,1
dx,0,C10orf128,1,1,1
dx,0,C11orf21,1,1,1
dx,0,C11orf35,2,1,1
dx,0,C11orf63,2,1,1
dx,0,C12orf4,1,1,1
dx,0,C12orf45,1,1,1
dx,0,C12orf49,1,1,1
dx,0,C12orf5,1,1,1
dx,0,C12orf57,1,1,1
dx,0,C12orf65,0,0.5,1
dx,0,C14orf182,3,0.5,1
dx,0,C15orf38,1,1,1
dx,0,C15orf48,1,1,1
dx,0,C16orf54,1,1,1
dx,0,C16orf58,1,1,1
dx,0,C16orf72,1,1,1
dx,0,C17orf103,3,0.5,1
dx,0,C17orf104,2,1,1
dx,0,C17orf107,1,1,1
dx,0,C17orf51,3,0.5,1
dx,0,C17orf59,1,1,1
dx,0,C18orf8,1,1,1
dx,0,C19orf33,1,1,1
dx,0,C19orf59,3,0.5,1
dx,0,C1QA,1,1,1
dx,0,C1QB,1,1,1
dx,0,C1QBP,1,1,1
dx,0,C1QC,1,1,1
dx,0,C1orf21,1,1,1
dx,0,C1orf213,1,1,1
dx,0,C1orf35,1,1,1
dx,0,C1orf54,1,1,1
dx,0,C1orf56,0,0.5,1
dx,0,C1orf61,0,0.5,1
dx,0,C2,1,1,1
dx,0,C20orf201,1,1,1
dx,0,C22orf29,1,1,1
dx,0,C2orf27A,1,1,1
dx,0,C2orf44,1,1,1
dx,0,C2orf62,1,1,1
dx,0,C2orf88,2,1,1
dx,0,C3AR1,1,1,1
dx,0,C3orf14,1,1,1
dx,0,C4orf33,1,1,1
dx,0,C4orf46,1,1,1
dx,0,C5,1,1,1
dx,0,C5AR1,1,1,1
dx,0,C5orf45,1,1,1
dx,0,C6orf120,1,1,1
dx,0,C6orf48,1,1,1
dx,0,C8orf58,1,1,1
dx,0,C9orf47,3,0.5,1
dx,0,C9orf69,1,1,1
dx,0,C9orf9,3,0.5,1
dx,0,CABIN1,1,1,1
dx,0,CACFD1,1,1,1
dx,0,CACNA2D3,1,1,1
dx,0,CACNB4,3,0.5,1
dx,0,CALHM2,1,1,1
dx,0,CALML4,1,1,1
dx,0,CALR,1,1,1
dx,0,CAMK1,1,1,1
dx,0,CAMK1D,1,1,1
dx,0,CAMP,1,1,1
dx,0,CAND1,1,1,1
dx,0,CAPZA1,2,1,1
dx,0,CARF,1,1,1
dx,0,CASP10,1,1,1
dx,0,CASP5,1,1,1
dx,0,CATSPER1,1,1,1
dx,0,CBLL1,1,1,1
dx,0,CBLN3,0,0.5,1
dx,0,CBR4,1,1,1
dx,0,CBY1,3,0.5,1
dx,0,CCDC122,1,1,1
dx,0,CCDC13,1,1,1
dx,0,CCDC137,1,1,1
dx,0,CCDC146,1,1,1
dx,0,CCDC149,3,0.5,1
dx,0,CCDC15,1,1,1
dx,0,CCDC153,2,1,1
dx,0,CCDC167,1,1,1
dx,0,CCDC176,2,1,1
dx,0,CCDC19,1,1,1
dx,0,CCDC25,1,1,1
dx,0,CCDC41,1,1,1
dx,0,CCDC43,1,1,1
dx,0,CCDC50,1,1,1
dx,0,CCDC58,1,1,1
dx,0,CCDC62,0,0.5,1
dx,0,CCDC80,0,0.5,1
dx,0,CCDC81,1,1,1
dx,0,CCDC9,1,1,1
dx,0,CCDC91,1,1,1
dx,0,CCDC96,1,1,1
dx,0,CCL19,1,1,1
dx,0,CCL2,1,1,1
dx,0,CCL20,1,1,1
dx,0,CCL3,1,1,1
dx,0,CCL3L1,1,1,1
dx,0,CCL3L3,1,1,1
dx,0,CCL4,1,1,1
dx,0,CCL4L2,1,1,1
dx,0,CCL5,0,0.5,1
dx,0,CCNC,1,1,1
dx,0,CCND2,1,1,1
dx,0,CCNE1,1,1,1
dx,0,CCR1,2,1,1
dx,0,CCR10,1,1,1
dx,0,CCT2,1,1,1
dx,0,CD109,1,1,1
dx,0,CD14,3,0.5,1
dx,0,CD160,0,0.5,1
dx,0,CD180,1,1,1
dx,0,CD1C,1,1,1
dx,0,CD1E,1,1,1
dx,0,CD2,1,1,1
dx,0,CD200R1,1,1,1
dx,0,CD247,2,1,1
dx,0,CD2AP,1,1,1
dx,0,CD2BP2,1,1,1
dx,0,CD300A,1,1,1
dx,0,CD300C,1,1,1
dx,0,CD300LB,1,1,1
dx,0,CD302,1,1,1
dx,0,CD320,1,1,1
dx,0,CD3D,0,0.5,1
dx,0,CD3E,0,0.5,1
dx,0,CD3G,0,0.5,1
dx,0,CD40,1,1,1
dx,0,CD47,1,1,1
dx,0,CD5,3,0.5,1
dx,0,CD52,1,1,1
dx,0,CD69,1,1,1
dx,0,CD7,0,0.5,1
dx,0,CD72,1,1,1
dx,0,CD74,3,0.5,1
dx,0,CD79A,1,1,1
dx,0,CD79B,1,1,1
dx,0,CD81,1,1,1
dx,0,CD86,1,1,1
dx,0,CD9,2,1,1
dx,0,CD97,2,1,1
dx,0,CDC27,1,1,1
dx,0,CDC42BPB,1,1,1
dx,0,CDC42SE1,1,1,1
dx,0,CDCA3,3,0.5,1
dx,0,CDCA7L,1,1,1
dx,0,CDH23,1,1,1
dx,0,CDK11A,1,1,1
dx,0,CDKN1A,0,0.5,1
dx,0,CDKN1C,1,1,1
dx,0,CDKN3,1,1,1
dx,0,CDYL2,3,0.5,1
dx,0,CEACAM3,1,1,1
dx,0,CEBPD,3,0.5,1
dx,0,CEBPZ,1,1,1
dx,0,CENPBD1,3,0.5,1
dx,0,CENPJ,1,1,1
dx,0,CENPL,1,1,1
dx,0,CENPN,1,1,1
dx,0,CENPV,1,1,1
dx,0,CEP104,1,1,1
dx,0,CEP128,1,1,1
dx,0,CEP164,1,1,1
dx,0,CEP19,3,0.5,1
dx,0,CEP57,1,1,1
dx,0,CEP68,1,1,1
dx,0,CERS4,2,1,1
dx,0,CETN2,1,1,1
dx,0,CFD,2,1,1
dx,0,CHCHD10,1,1,1
dx,0,CHD8,1,1,1
dx,0,CHID1,1,1,1
dx,0,CHMP1B,1,1,1
dx,0,CHURC1,1,1,1
dx,0,CIAO1,1,1,1
dx,0,CIAPIN1,1,1,1
dx,0,CITED2,1,1,1
dx,0,CKAP2,1,1,1
dx,0,CKB,1,1,1
dx,0,CKS2,1,1,1
dx,0,CLDN5,0,0.5,1
dx,0,CLEC10A,1,1,1
dx,0,CLEC11A,1,1,1
dx,0,CLEC16A,1,1,1
dx,0,CLEC18A,1,1,1
dx,0,CLEC1A,1,1,1
dx,0,CLEC1B,3,0.5,1
dx,0,CLEC2B,1,1,1
dx,0,CLEC4D,3,0.5,1
dx,0,CLEC4E,2,1,1
dx,0,CLEC4G,1,1,1
dx,0,CLECL1,1,1,1
dx,0,CLIC3,2,1,1
dx,0,CLIP2,1,1,1
dx,0,CLPX,1,1,1
dx,0,CLSPN,1,1,1
dx,0,CLSTN3,0,0.5,1
dx,0,CLU,0,0.5,1
dx,0,CMC1,1,1,1
dx,0,CMSS1,1,1,1
dx,0,CMTM2,3,0.5,1
dx,0,CMTM3,1,1,1
dx,0,CMTM5,2,1,1
dx,0,CNGA1,1,1,1
dx,0,CNN3,0,0.5,1
dx,0,CNOT6L,1,1,1
dx,0,CNR2,1,1,1
dx,0,CNST,1,1,1
dx,0,COASY,1,1,1
dx,0,COBLL1,1,1,1
dx,0,COG7,1,1,1
dx,0,COMTD1,1,1,1
dx,0,COPZ2,1,1,1
dx,0,COQ10A,1,1,1
dx,0,COQ3,1,1,1
dx,0,COTL1,1,1,1
dx,0,COX20,1,1,1
dx,0,CPM,1,1,1
dx,0,CPVL,1,1,1
dx,0,CPXM1,3,0.5,1
dx,0,CRB1,3,0.5,1
dx,0,CREB3,1,1,1
dx,0,CREB5,1,1,1
dx,0,CREM,1,1,1
dx,0,CRIM1,0,0.5,1
dx,0,CRIP1,2,1,1
dx,0,CRIP3,1,1,1
dx,0,CSAD,1,1,1
dx,0,CSF1R,1,1,1
dx,0,CSNK1G1,1,1,1
dx,0,CSPP1,1,1,1
dx,0,CST3,1,1,1
dx,0,CST7,0,0.5,1
dx,0,CTDSPL,3,0.5,1
dx,0,CTNNB1,3,0.5,1
dx,0,CTNS,1,1,1
dx,0,CTSC,1,1,1
dx,0,CTSG,1,1,1
dx,0,CTSL,1,1,1
dx,0,CTSW,0,0.5,1
dx,0,CWC15,1,1,1
dx,0,CWC27,1,1,1
dx,0,CWF19L2,1,1,1
dx,0,CX3CR1,1,1,1
dx,0,CXCL1,0,0.5,1
dx,0,CXCL10,1,1,1
dx,0,CXCL11,0,0.5,1
dx,0,CXCL16,1,1,1
dx,0,CXCL2,1,1,1
dx,0,CXCL3,1,1,1
dx,0,CXCL5,3,0.5,1
dx,0,CXCL9,1,1,1
dx,0,CXCR4,2,1,1
dx,0,CXXC1,1,1,1
dx,0,CXXC5,1,1,1
dx,0,CXorf21,1,1,1
dx,0,CYB5D2,1,1,1
dx,0,CYCS,1,1,1
dx,0,CYP1B1,2,1,1
dx,0,CYP27A1,2,1,1
dx,0,CYP4F22,3,0.5,1
dx,0,CYP4V2,1,1,1
dx,0,CYSLTR2,1,1,1
dx,0,CYTIP,1,1,1
dx,0,DAAM1,1,1,1
dx,0,DAB2,1,1,1
dx,0,DALRD3,1,1,1
dx,0,DARS,1,1,1
dx,0,DBP,1,1,1
dx,0,DCBLD2,2,1,1
dx,0,DCST1,0,0.5,1
dx,0,DDB2,1,1,1
dx,0,DDIT4,1,1,1
dx,0,DDX1,1,1,1
dx,0,DDX11,1,1,1
dx,0,DDX23,1,1,1
dx,0,DDX3Y,1,1,1
dx,0,DDX59,1,1,1
dx,0,DDX6,1,1,1
dx,0,DECR1,1,1,1
dx,0,DEFB1,1,1,1
dx,0,DET1,1,1,1
dx,0,DFFA,1,1,1
dx,0,DHRS11,1,1,1
dx,0,DHRS7B,1,1,1
dx,0,DHRS9,1,1,1
dx,0,DHX16,1,1,1
dx,0,DHX30,1,1,1
dx,0,DHX57,1,1,1
dx,0,DHX58,0,0.5,1
dx,0,DIAPH2,1,1,1
dx,0,DKC1,1,1,1
dx,0,DMTN,2,1,1
dx,0,DNAJA4,1,1,1
dx,0,DNAJB5,1,1,1
dx,0,DNAJB9,1,1,1
dx,0,DNAJC11,1,1,1
dx,0,DNAJC12,0,0.5,1
dx,0,DNAJC13,1,1,1
dx,0,DNAL4,3,0.5,1
dx,0,DNASE2,1,1,1
dx,0,DNPH1,1,1,1
dx,0,DOC2A,1,1,1
dx,0,DPM2,1,1,1
dx,0,DRAP1,2,1,1
dx,0,DST,1,1,1
dx,0,DSTN,1,1,1
dx,0,DUOX1,0,0.5,1
dx,0,DUSP10,1,1,1
dx,0,DUSP2,1,1,1
dx,0,DUSP5,1,1,1
dx,0,DUSP6,2,1,1
dx,0,DYM,1,1,1
dx,0,DYSF,3,0.5,1
dx,0,ECT2,1,1,1
dx,0,EEA1,1,1,1
dx,0,EEF1A1,0,0.5,1
dx,0,EEF1B2,0,0.5,1
dx,0,EFCAB2,1,1,1
dx,0,EFHC1,3,0.5,1
dx,0,EGLN1,1,1,1
dx,0,EGR1,2,1,1
dx,0,EGR2,1,1,1
dx,0,EHD1,1,1,1
dx,0,EIF2A,1,1,1
dx,0,EIF2B3,1,1,1
dx,0,EIF2S1,1,1,1
dx,0,EIF3J,1,1,1
dx,0,EIF4E,1,1,1
dx,0,EIF5A2,1,1,1
dx,0,EIF5B,1,1,1
dx,0,EML4,1,1,1
dx,0,EMP1,1,1,1
dx,0,EMR2,1,1,1
dx,0,ENHO,1,1,1
dx,0,ENKUR,3,0.5,1
dx,0,EPB41L1,0,0.5,1
dx,0,EPC2,1,1,1
dx,0,EPHB6,3,0.5,1
dx,0,EPM2A,1,1,1
dx,0,EPSTI1,1,1,1
dx,0,ERC1,1,1,1
dx,0,ERCC4,1,1,1
dx,0,ERCC8,1,1,1
dx,0,EREG,1,1,1
dx,0,ERI3,1,1,1
dx,0,ERP27,3,0.5,1
dx,0,ESF1,1,1,1
dx,0,ETHE1,1,1,1
dx,0,ETS1,0,0.5,1
dx,0,ETV3,1,1,1
dx,0,ETV6,1,1,1
dx,0,ETV7,1,1,1
dx,0,EVA1C,0,0.5,1
dx,0,EVI5L,3,0.5,1
dx,0,EVL,1,1,1
dx,0,EXOC3L1,1,1,1
dx,0,EXOC4,1,1,1
dx,0,EXOSC1,1,1,1
dx,0,EZR,2,1,1
dx,0,F13A1,1,1,1
dx,0,F5,3,0.5,1
dx,0,F8,1,1,1
dx,0,FABP5,1,1,1
dx,0,FADD,1,1,1
dx,0,FADS1,1,1,1
dx,0,FAF2,1,1,1
dx,0,FAHD1,1,1,1
dx,0,FAIM,1,1,1
dx,0,FAM107B,1,1,1
dx,0,FAM122B,2,1,1
dx,0,FAM124B,1,1,1
dx,0,FAM127C,3,0.5,1
dx,0,FAM13A,2,1,1
dx,0,FAM179B,1,1,1
dx,0,FAM20A,1,1,1
dx,0,FAM210A,1,1,1
dx,0,FAM211A,0,0.5,1
dx,0,FAM213A,1,1,1
dx,0,FAM220A,1,1,1
dx,0,FAM222B,1,1,1
dx,0,FAM26F,2,1,1
dx,0,FAM27A,0,0.5,1
dx,0,FAM3D,1,1,1
dx,0,FAM50A,1,1,1
dx,0,FAM72A,1,1,1
dx,0,FAM72B,1,1,1
dx,0,FAM81A,3,0.5,1
dx,0,FAM89B,1,1,1
dx,0,FAM98C,1,1,1
dx,0,FBF1,0,0.5,1
dx,0,FBL,1,1,1
dx,0,FBN2,3,0.5,1
dx,0,FBP1,1,1,1
dx,0,FBXL8,3,0.5,1
dx,0,FBXO33,1,1,1
dx,0,FBXO36,1,1,1
dx,0,FBXO42,1,1,1
dx,0,FBXW4,3,0.5,1
dx,0,FCAR,1,1,1
dx,0,FCER1A,1,1,1
dx,0,FCER1G,3,0.5,1
dx,0,FCER2,1,1,1
dx,0,FCGR1A,1,1,1
dx,0,FCGR1B,1,1,1
dx,0,FCGR2B,1,1,1
dx,0,FCGR3A,1,1,1
dx,0,FCRL1,1,1,1
dx,0,FER,1,1,1
dx,0,FFAR3,1,1,1
dx,0,FGD2,0,0.5,1
dx,0,FGFBP2,0,0.5,1
dx,0,FGFBP3,1,1,1
dx,0,FHL3,1,1,1
dx,0,FIBCD1,1,1,1
dx,0,FIGNL1,1,1,1
dx,0,FKBP4,1,1,1
dx,0,FKBP5,1,1,1
dx,0,FKBP6,3,0.5,1
dx,0,FMN1,1,1,1
dx,0,FMNL2,1,1,1
dx,0,FOLR2,1,1,1
dx,0,FOLR3,1,1,1
dx,0,FOXJ2,1,1,1
dx,0,FOXO4,1,1,1
dx,0,FOXRED2,3,0.5,1
dx,0,FPR1,1,1,1
dx,0,FRA10AC1,1,1,1
dx,0,FRMD4B,1,1,1
dx,0,FSCN1,1,1,1
dx,0,FTH1,1,1,1
dx,0,FTL,1,1,1
dx,0,FTSJ1,1,1,1
dx,0,FUCA1,1,1,1
dx,0,FUOM,1,1,1
dx,0,FXR2,3,0.5,1
dx,0,FZD3,1,1,1
dx,0,G0S2,2,1,1
dx,0,GAD1,1,1,1
dx,0,GADD45A,1,1,1
dx,0,GADD45B,0,0.5,1
dx,0,GADD45G,1,1,1
dx,0,GALE,1,1,1
dx,0,GALR2,1,1,1
dx,0,GAPVD1,1,1,1
dx,0,GATM,1,1,1
dx,0,GBE1,1,1,1
dx,0,GBP1,1,1,1
dx,0,GBP2,1,1,1
dx,0,GBP4,1,1,1
dx,0,GBP5,1,1,1
dx,0,GBP7,1,1,1
dx,0,GCH1,1,1,1
dx,0,GCHFR,1,1,1
dx,0,GET4,1,1,1
dx,0,GFRA2,1,1,1
dx,0,GGCX,1,1,1
dx,0,GHRL,1,1,1
dx,0,GIMAP1,1,1,1
dx,0,GIMAP4,2,1,1
dx,0,GIMAP7,2,1,1
dx,0,GINS4,1,1,1
dx,0,GK,1,1,1
dx,0,GLO1,1,1,1
dx,0,GLOD4,1,1,1
dx,0,GLYR1,1,1,1
dx,0,GMNN,1,1,1
dx,0,GMPS,1,1,1
dx,0,GNE,1,1,1
dx,0,GNG11,3,0.5,1
dx,0,GNGT2,1,1,1
dx,0,GNL1,1,1,1
dx,0,GNLY,0,0.5,1
dx,0,GOLGA4,2,1,1
dx,0,GOPC,1,1,1
dx,0,GORAB,1,1,1
dx,0,GP6,3,0.5,1
dx,0,GP9,2,1,1
dx,0,GPA33,1,1,1
dx,0,GPBAR1,2,1,1
dx,0,GPHN,1,1,1
dx,0,GPI,1,1,1
dx,0,GPN1,1,1,1
dx,0,GPN3,1,1,1
dx,0,GPNMB,1,1,1
dx,0,GPR132,1,1,1
dx,0,GPR146,1,1,1
dx,0,GPR155,1,1,1
dx,0,GPR162,2,1,1
dx,0,GPR180,1,1,1
dx,0,GPR183,1,1,1
dx,0,GPR35,1,1,1
dx,0,GPR42,1,1,1
dx,0,GPRC5B,1,1,1
dx,0,GRAMD1A,1,1,1
dx,0,GRASP,1,1,1
dx,0,GRK4,1,1,1
dx,0,GSN,1,1,1
dx,0,GSTA4,3,0.5,1
dx,0,GSTM1,1,1,1
dx,0,GSTM5,1,1,1
dx,0,GTF3C2,1,1,1
dx,0,GTF3C4,1,1,1
dx,0,GUCY1A3,1,1,1
dx,0,GUCY2D,3,0.5,1
dx,0,GUF1,1,1,1
dx,0,GYLTL1B,0,0.5,1
dx,0,GYPC,1,1,1
dx,0,GZMA,0,0.5,1
dx,0,GZMB,0,0.5,1
dx,0,GZMH,0,0.5,1
dx,0,GZMK,0,0.5,1
dx,0,GZMM,2,1,1
dx,0,H1F0,3,0.5,1
dx,0,H1FX,1,1,1
dx,0,H6PD,0,0.5,1
dx,0,HACL1,1,1,1
dx,0,HBEGF,1,1,1
dx,0,HBG2,3,0.5,1
dx,0,HCAR3,1,1,1
dx,0,HCFC1,1,1,1
dx,0,HDAC11,3,0.5,1
dx,0,HDAC7,1,1,1
dx,0,HDAC9,1,1,1
dx,0,HERC5,1,1,1
dx,0,HES1,1,1,1
dx,0,HES4,1,1,1
dx,0,HEXB,1,1,1
dx,0,HHAT,0,0.5,1
dx,0,HIATL1,1,1,1
dx,0,HIBADH,1,1,1
dx,0,HILPDA,0,0.5,1
dx,0,HIST1H1C,1,1,1
dx,0,HIST1H2AC,1,1,1
dx,0,HIST1H2AK,1,1,1
dx,0,HIST1H2BC,1,1,1
dx,0,HIST1H2BH,3,0.5,1
dx,0,HIST1H2BJ,0,0.5,1
dx,0,HIST1H2BK,1,1,1
dx,0,HIST1H4C,1,1,1
dx,0,HIST1H4H,1,1,1
dx,0,HIST2H2AB,1,1,1
dx,0,HIVEP3,1,1,1
dx,0,HKR1,1,1,1
dx,0,HLTF,1,1,1
dx,0,HMCN2,1,1,1
dx,0,HMGB2,2,1,1
dx,0,HMGCS1,1,1,1
dx,0,HMGN1,1,1,1
dx,0,HMGN5,1,1,1
dx,0,HMGXB4,1,1,1
dx,0,HMOX1,1,1,1
dx,0,HMOX2,1,1,1
dx,0,HOMEZ,1,1,1
dx,0,HOPX,2,1,1
dx,0,HOXA10,0,0.5,1
dx,0,HOXA5,3,0.5,1
dx,0,HOXB2,1,1,1
dx,0,HP,1,1,1
dx,0,HRH1,3,0.5,1
dx,0,HSD11B1L,2,1,1
dx,0,HSD17B4,1,1,1
dx,0,HSF2BP,1,1,1
dx,0,HSF4,3,0.5,1
dx,0,HSP90AA1,2,1,1
dx,0,HSP90AB1,1,1,1
dx,0,HSP90B1,1,1,1
dx,0,HSPA1A,3,0.5,1
dx,0,HSPA1B,0,0.5,1
dx,0,HSPA1L,1,1,1
dx,0,HSPA5,1,1,1
dx,0,HSPA6,1,1,1
dx,0,HSPA8,1,1,1
dx,0,HSPB1,1,1,1
dx,0,HTATIP2,1,1,1
dx,0,HTR7,1,1,1
dx,0,HYAL2,1,1,1
dx,0,HYAL3,2,1,1
dx,0,HYPK,3,0.5,1
dx,0,IBA57,1,1,1
dx,0,ICA1L,1,1,1
dx,0,ICAM2,1,1,1
dx,0,ICAM4,1,1,1
dx,0,ID1,1,1,1
dx,0,ID2,1,1,1
dx,0,ID3,1,1,1
dx,0,IDH2,1,1,1
dx,0,IDH3G,1,1,1
dx,0,IDI1,1,1,1
dx,0,IER2,2,1,1
dx,0,IER3,1,1,1
dx,0,IFI27,1,1,1
dx,0,IFI30,1,1,1
dx,0,IFI35,1,1,1
dx,0,IFI44,1,1,1
dx,0,IFI44L,1,1,1
dx,0,IFI6,0,0.5,1
dx,0,IFIT1,1,1,1
dx,0,IFIT2,1,1,1
dx,0,IFIT3,1,1,1
dx,0,IFIT5,1,1,1
dx,0,IFITM1,1,1,1
dx,0,IFITM2,2,1,1
dx,0,IFITM3,3,0.5,1
dx,0,IFT172,1,1,1
dx,0,IFT88,1,1,1
dx,0,IGF2R,3,0.5,1
dx,0,IGFBP2,1,1,1
dx,0,IGFBP6,1,1,1
dx,0,IGJ,0,0.5,1
dx,0,IGSF6,2,1,1
dx,0,IKZF1,1,1,1
dx,0,IL11RA,2,1,1
dx,0,IL18BP,1,1,1
dx,0,IL1A,1,1,1
dx,0,IL1B,1,1,1
dx,0,IL1R2,1,1,1
dx,0,IL1RN,1,1,1
dx,0,IL21R,1,1,1
dx,0,IL24,1,1,1
dx,0,IL27RA,1,1,1
dx,0,IL2RG,1,1,1
dx,0,IL32,0,0.5,1
dx,0,IL4I1,1,1,1
dx,0,IL7,3,0.5,1
dx,0,IL7R,0,0.5,1
dx,0,IL8,0,0.5,1
dx,0,ILVBL,1,1,1
dx,0,INO80D,1,1,1
dx,0,INPP1,1,1,1
dx,0,INPP4B,0,0.5,1
dx,0,INPP5A,3,0.5,1
dx,0,INSIG1,1,1,1
dx,0,INSR,1,1,1
dx,0,INTS12,1,1,1
dx,0,INTS5,1,1,1
dx,0,INTS6,1,1,1
dx,0,IPPK,1,1,1
dx,0,IQCK,2,1,1
dx,0,IRAK4,2,1,1
dx,0,IRF1,1,1,1
dx,0,IRF2,1,1,1
dx,0,IRF2BPL,0,0.5,1
dx,0,IRF4,1,1,1
dx,0,IRS2,3,0.5,1
dx,0,IRX5,1,1,1
dx,0,ISG15,1,1,1
dx,0,ISG20,1,1,1
dx,0,ISOC1,1,1,1
dx,0,ITGA2B,2,1,1
dx,0,ITGA4,1,1,1
dx,0,ITGA5,1,1,1
dx,0,ITGB1BP2,1,1,1
dx,0,ITLN1,2,1,1
dx,0,ITM2A,0,0.5,1
dx,0,ITPKB,1,1,1
dx,0,ITSN1,1,1,1
dx,0,IVD,1,1,1
dx,0,JMJD4,0,0.5,1
dx,0,JPH4,1,1,1
dx,0,JRKL,3,0.5,1
dx,0,JUN,1,1,1
dx,0,JUNB,2,1,1
dx,0,KANSL1,1,1,1
dx,0,KANSL1L,1,1,1
dx,0,KAZALD1,3,0.5,1
dx,0,KBTBD11,1,1,1
dx,0,KCNE1,3,0.5,1
dx,0,KCNMA1,1,1,1
dx,0,KCNMB4,1,1,1
dx,0,KCTD10,1,1,1
dx,0,KCTD2,3,0.5,1
dx,0,KDM2B,1,1,1
dx,0,KIAA0020,1,1,1
dx,0,KIAA0196,1,1,1
dx,0,KIAA0226L,3,0.5,1
dx,0,KIAA0319L,1,1,1
dx,0,KIAA1009,1,1,1
dx,0,KIAA1257,1,1,1
dx,0,KIAA1407,1,1,1
dx,0,KIAA1430,1,1,1
dx,0,KIAA1432,1,1,1
dx,0,KIAA1467,0,0.5,1
dx,0,KIAA1598,1,1,1
dx,0,KIAA1841,1,1,1
dx,0,KIF20B,1,1,1
dx,0,KLC1,1,1,1
dx,0,KLF3,1,1,1
dx,0,KLF6,2,1,1
dx,0,KLF9,1,1,1
dx,0,KLHDC1,1,1,1
dx,0,KLHDC2,1,1,1
dx,0,KLHL17,3,0.5,1
dx,0,KLHL18,1,1,1
dx,0,KLHL26,1,1,1
dx,0,KLK1,3,0.5,1
dx,0,KLRB1,0,0.5,1
dx,0,KLRC1,1,1,1
dx,0,KLRD1,0,0.5,1
dx,0,KLRF1,0,0.5,1
dx,0,KMO,1,1,1
dx,0,KNDC1,1,1,1
dx,0,KNOP1,1,1,1
dx,0,KNSTRN,1,1,1
dx,0,KNTC1,1,1,1
dx,0,KPNA5,1,1,1
dx,0,KPTN,1,1,1
dx,0,KRT18,1,1,1
dx,0,KRT23,1,1,1
dx,0,KRT7,3,0.5,1
dx,0,L3MBTL1,2,1,1
dx,0,LAIR2,1,1,1
dx,0,LAP3,1,1,1
dx,0,LAPTM4B,1,1,1
dx,0,LCK,0,0.5,1
dx,0,LCN2,0,0.5,1
dx,0,LDHD,1,1,1
dx,0,LDLR,1,1,1
dx,0,LDLRAD3,3,0.5,1
dx,0,LDLRAD4,1,1,1
dx,0,LENG1,1,1,1
dx,0,LEO1,1,1,1
dx,0,LEPR,3,0.5,1
dx,0,LFNG,1,1,1
dx,0,LGALS12,2,1,1
dx,0,LGALS2,3,0.5,1
dx,0,LGALS9C,1,1,1
dx,0,LGI4,1,1,1
dx,0,LGMN,1,1,1
dx,0,LGR4,1,1,1
dx,0,LHFP,1,1,1
dx,0,LIF,3,0.5,1
dx,0,LIG3,1,1,1
dx,0,LILRA3,1,1,1
dx,0,LILRB1,1,1,1
dx,0,LILRB2,1,1,1
dx,0,LILRB4,1,1,1
dx,0,LILRB5,1,1,1
dx,0,LIMK1,1,1,1
dx,0,LIMS1,1,1,1
dx,0,LIN52,2,1,1
dx,0,LINGO3,0,0.5,1
dx,0,LINS,3,0.5,1
dx,0,LIPA,1,1,1
dx,0,LIPT2,3,0.5,1
dx,0,LMNA,1,1,1
dx,0,LNX2,1,1,1
dx,0,LOH12CR1,1,1,1
dx,0,LONRF3,3,0.5,1
dx,0,LPAR5,0,0.5,1
dx,0,LPAR6,1,1,1
dx,0,LPHN1,3,0.5,1
dx,0,LRFN4,3,0.5,1
dx,0,LRG1,1,1,1
dx,0,LRRC24,1,1,1
dx,0,LRRC25,1,1,1
dx,0,LRRC29,1,1,1
dx,0,LRRC36,1,1,1
dx,0,LRRC4,0,0.5,1
dx,0,LRRC47,1,1,1
dx,0,LRRC63,2,1,1
dx,0,LRRIQ3,1,1,1
dx,0,LRRK1,1,1,1
dx,0,LSM4,1,1,1
dx,0,LST1,2,1,1
dx,0,LTA4H,1,1,1
dx,0,LTB,1,1,1
dx,0,LUZP1,1,1,1
dx,0,LY6E,2,1,1
dx,0,LY6G5B,1,1,1
dx,0,LYPD2,1,1,1
dx,0,LYRM1,1,1,1
dx,0,LYZ,3,0.5,1
dx,0,LZIC,1,1,1
dx,0,MACF1,1,1,1
dx,0,MAD1L1,1,1,1
dx,0,MAF,1,1,1
dx,0,MAFB,1,1,1
dx,0,MAGED2,1,1,1
dx,0,MAGEF1,1,1,1
dx,0,MAGIX,1,1,1
dx,0,MAL,0,0.5,1
dx,0,MANF,1,1,1
dx,0,MAP3K13,1,1,1
dx,0,MAP3K7CL,1,1,1
dx,0,MAP3K8,0,0.5,1
dx,0,MAP4K5,1,1,1
dx,0,MAP6D1,3,0.5,1
dx,0,MAP7D3,1,1,1
dx,0,MAPK8IP3,1,1,1
dx,0,MARC1,3,0.5,1
dx,0,MARCKS,2,1,1
dx,0,MARCKSL1,1,1,1
dx,0,MARCO,1,1,1
dx,0,MATK,0,0.5,1
dx,0,MAU2,3,0.5,1
dx,0,MB21D1,1,1,1
dx,0,MBIP,1,1,1
dx,0,MBOAT2,3,0.5,1
dx,0,MCAT,1,1,1
dx,0,MCCC2,1,1,1
dx,0,MCM6,1,1,1
dx,0,MCOLN1,1,1,1
dx,0,MCOLN2,1,1,1
dx,0,MCUR1,1,1,1
dx,0,MDC1,1,1,1
dx,0,MED11,1,1,1
dx,0,MED13,1,1,1
dx,0,MED26,3,0.5,1
dx,0,MEF2C,3,0.5,1
dx,0,MEGF6,0,0.5,1
dx,0,MERTK,1,1,1
dx,0,MESDC2,1,1,1
dx,0,METTL1,1,1,1
dx,0,METTL18,1,1,1
dx,0,METTL21A,1,1,1
dx,0,METTL23,1,1,1
dx,0,METTL25,1,1,1
dx,0,METTL4,1,1,1
dx,0,MFAP1,3,0.5,1
dx,0,MFSD2A,1,1,1
dx,0,MGLL,1,1,1
dx,0,MGME1,1,1,1
dx,0,MGST1,1,1,1
dx,0,MICA,1,1,1
dx,0,MIOS,1,1,1
dx,0,MIS18A,1,1,1
dx,0,MITD1,1,1,1
dx,0,MLLT11,1,1,1
dx,0,MMAB,1,1,1
dx,0,MMD,1,1,1
dx,0,MME,0,0.5,1
dx,0,MNAT1,1,1,1
dx,0,MND1,1,1,1
dx,0,MNDA,3,0.5,1
dx,0,MOCS2,1,1,1
dx,0,MORC2,0,0.5,1
dx,0,MORN1,1,1,1
dx,0,MPV17,1,1,1
dx,0,MPZL2,1,1,1
dx,0,MROH1,2,1,1
dx,0,MROH6,1,1,1
dx,0,MRPL1,1,1,1
dx,0,MRPL15,1,1,1
dx,0,MRPL17,1,1,1
dx,0,MRPL3,1,1,1
dx,0,MRPL35,1,1,1
dx,0,MRPL48,1,1,1
dx,0,MRPS17,1,1,1
dx,0,MRPS18A,1,1,1
dx,0,MRPS18B,1,1,1
dx,0,MRPS33,1,1,1
dx,0,MRVI1,1,1,1
dx,0,MS4A1,2,1,1
dx,0,MS4A14,3,0.5,1
dx,0,MS4A4A,1,1,1
dx,0,MS4A6A,3,0.5,1
dx,0,MS4A7,1,1,1
dx,0,MSR1,1,1,1
dx,0,MSS51,0,0.5,1
dx,0,MT1E,1,1,1
dx,0,MT1G,3,0.5,1
dx,0,MT1H,3,0.5,1
dx,0,MT1M,1,1,1
dx,0,MT1X,1,1,1
dx,0,MT2A,0,0.5,1
dx,0,MTBP,0,0.5,1
dx,0,MTDH,1,1,1
dx,0,MTFR1L,1,1,1
dx,0,MTHFD1,1,1,1
dx,0,MTHFD1L,1,1,1
dx,0,MTHFD2,1,1,1
dx,0,MTL5,1,1,1
dx,0,MTOR,1,1,1
dx,0,MTRNR2L1,3,0.5,1
dx,0,MTSS1,1,1,1
dx,0,MTX3,3,0.5,1
dx,0,MUC1,1,1,1
dx,0,MUC12,1,1,1
dx,0,MVP,1,1,1
dx,0,MX1,1,1,1
dx,0,MX2,1,1,1
dx,0,MYADM,2,1,1
dx,0,MYBL1,3,0.5,1
dx,0,MYC,1,1,1
dx,0,MYCBPAP,3,0.5,1
dx,0,MYLIP,1,1,1
dx,0,MYO10,3,0.5,1
dx,0,MYO7B,1,1,1
dx,0,MYSM1,1,1,1
dx,0,N4BP1,1,1,1
dx,0,N4BP2,1,1,1
dx,0,N6AMT2,1,1,1
dx,0,NAAA,1,1,1
dx,0,NABP2,1,1,1
dx,0,NACC1,1,1,1
dx,0,NAE1,1,1,1
dx,0,NANOS1,1,1,1
dx,0,NANOS3,1,1,1
dx,0,NAP1L1,2,1,1
dx,0,NARF,1,1,1
dx,0,NASP,1,1,1
dx,0,NBN,1,1,1
dx,0,NBPF16,3,0.5,1
dx,0,NBPF3,2,1,1
dx,0,NCF1,1,1,1
dx,0,NCL,1,1,1
dx,0,NCOA6,1,1,1
dx,0,NCR3,0,0.5,1
dx,0,NDN,1,1,1
dx,0,NDNL2,1,1,1
dx,0,NDOR1,3,0.5,1
dx,0,NDRG2,1,1,1
dx,0,NDUFAF2,1,1,1
dx,0,NDUFAF4,1,1,1
dx,0,NEB,1,1,1
dx,0,NEDD1,1,1,1
dx,0,NEDD4,1,1,1
dx,0,NEFH,1,1,1
dx,0,NEK3,1,1,1
dx,0,NEK8,0,0.5,1
dx,0,NETO2,1,1,1
dx,0,NEU3,3,0.5,1
dx,0,NEU4,0,0.5,1
dx,0,NEXN,1,1,1
dx,0,NFATC2,1,1,1
dx,0,NFIX,1,1,1
dx,0,NFKBIA,2,1,1
dx,0,NFKBIB,2,1,1
dx,0,NFKBID,1,1,1
dx,0,NFKBIZ,3,0.5,1
dx,0,NGFRAP1,1,1,1
dx,0,NHLRC2,1,1,1
dx,0,NID1,1,1,1
dx,0,NIPAL3,1,1,1
dx,0,NKG7,1,1,1
dx,0,NLRC5,1,1,1
dx,0,NLRP12,3,0.5,1
dx,0,NLRP3,1,1,1
dx,0,NME1,1,1,1
dx,0,NOP58,1,1,1
dx,0,NPDC1,0,0.5,1
dx,0,NPEPL1,1,1,1
dx,0,NPM1,1,1,1
dx,0,NPM3,1,1,1
dx,0,NR1H3,3,0.5,1
dx,0,NR4A1,1,1,1
dx,0,NR4A2,1,1,1
dx,0,NREP,1,1,1
dx,0,NRG1,1,1,1
dx,0,NRGN,1,1,1
dx,0,NRIP3,3,0.5,1
dx,0,NRP2,1,1,1
dx,0,NSDHL,1,1,1
dx,0,NSMAF,1,1,1
dx,0,NSUN3,1,1,1
dx,0,NSUN6,1,1,1
dx,0,NT5C3B,1,1,1
dx,0,NT5DC3,0,0.5,1
dx,0,NTHL1,1,1,1
dx,0,NTN1,1,1,1
dx,0,NTN3,3,0.5,1
dx,0,NTNG2,3,0.5,1
dx,0,NUBPL,1,1,1
dx,0,NUCKS1,1,1,1
dx,0,NUDT17,3,0.5,1
dx,0,NXT1,1,1,1
dx,0,OARD1,1,1,1
dx,0,OAS1,1,1,1
dx,0,OAS2,1,1,1
dx,0,OAS3,1,1,1
dx,0,OASL,1,1,1
dx,0,OCEL1,1,1,1
dx,0,OCIAD2,1,1,1
dx,0,ODC1,1,1,1
dx,0,OFD1,1,1,1
dx,0,OGFOD2,2,1,1
dx,0,OLFM1,1,1,1
dx,0,OLR1,1,1,1
dx,0,ORAI1,1,1,1
dx,0,ORC3,1,1,1
dx,0,ORM1,2,1,1
dx,0,OSBPL11,1,1,1
dx,0,OSGEPL1,1,1,1
dx,0,OSM,1,1,1
dx,0,OSR2,3,0.5,1
dx,0,OTUD1,2,1,1
dx,0,OXER1,1,1,1
dx,0,OXSR1,1,1,1
dx,0,P2RY6,1,1,1
dx,0,PADI2,3,0.5,1
dx,0,PADI4,3,0.5,1
dx,0,PAFAH1B3,1,1,1
dx,0,PAIP2B,1,1,1
dx,0,PAPSS2,1,1,1
dx,0,PARD6A,1,1,1
dx,0,PARP1,1,1,1
dx,0,PARP2,1,1,1
dx,0,PARP3,1,1,1
dx,0,PATL1,1,1,1
dx,0,PAXBP1,1,1,1
dx,0,PBDC1,1,1,1
dx,0,PCCB,1,1,1
dx,0,PCED1B,1,1,1
dx,0,PCID2,1,1,1
dx,0,PCOLCE,3,0.5,1
dx,0,PCP2,1,1,1
dx,0,PDAP1,1,1,1
dx,0,PDCD10,1,1,1
dx,0,PDCD2L,1,1,1
dx,0,PDCL3,1,1,1
dx,0,PDDC1,1,1,1
dx,0,PDE12,1,1,1
dx,0,PDE4B,1,1,1
dx,0,PDE6A,0,0.5,1
dx,0,PDE6B,1,1,1
dx,0,PDE6G,1,1,1
dx,0,PDE7A,1,1,1
dx,0,PDE8B,1,1,1
dx,0,PDGFA,0,0.5,1
dx,0,PDHA1,1,1,1
dx,0,PDHB,1,1,1
dx,0,PDK4,1,1,1
dx,0,PDLIM1,1,1,1
dx,0,PDPR,0,0.5,1
dx,0,PDXDC1,1,1,1
dx,0,PDZK1IP1,0,0.5,1
dx,0,PEAK1,1,1,1
dx,0,PEBP1,1,1,1
dx,0,PELI1,3,0.5,1
dx,0,PER3,1,1,1
dx,0,PEX10,1,1,1
dx,0,PEX11G,1,1,1
dx,0,PEX3,3,0.5,1
dx,0,PF4,0,0.5,1
dx,0,PF4V1,0,0.5,1
dx,0,PFKFB2,1,1,1
dx,0,PGLYRP2,1,1,1
dx,0,PGM3,3,0.5,1
dx,0,PGM5,1,1,1
dx,0,PGPEP1,1,1,1
dx,0,PHACTR1,1,1,1
dx,0,PHF13,1,1,1
dx,0,PHF19,1,1,1
dx,0,PHF20,1,1,1
dx,0,PHF20L1,1,1,1
dx,0,PHF23,1,1,1
dx,0,PHF6,1,1,1
dx,0,PHF8,1,1,1
dx,0,PHLDA1,1,1,1
dx,0,PHLDA2,1,1,1
dx,0,PIAS4,3,0.5,1
dx,0,PID1,1,1,1
dx,0,PIGF,1,1,1
dx,0,PIGP,1,1,1
dx,0,PIM1,1,1,1
dx,0,PINLYP,3,0.5,1
dx,0,PJA1,1,1,1
dx,0,PKD1,1,1,1
dx,0,PKD2L1,1,1,1
dx,0,PKIB,1,1,1
dx,0,PKIG,1,1,1
dx,0,PKP2,0,0.5,1
dx,0,PLA2G16,1,1,1
dx,0,PLA2G7,1,1,1
dx,0,PLAC8,2,1,1
dx,0,PLAUR,1,1,1
dx,0,PLBD1,1,1,1
dx,0,PLCB3,3,0.5,1
dx,0,PLCG1,3,0.5,1
dx,0,PLCL1,0,0.5,1
dx,0,PLD3,1,1,1
dx,0,PLD4,1,1,1
dx,0,PLEKHA1,2,1,1
dx,0,PLEKHA3,1,1,1
dx,0,PLEKHA4,1,1,1
dx,0,PLEKHA7,0,0.5,1
dx,0,PLEKHM2,1,1,1
dx,0,PLEKHM3,1,1,1
dx,0,PLIN5,1,1,1
dx,0,PLOD3,1,1,1
dx,0,PLTP,1,1,1
dx,0,PLXNA1,0,0.5,1
dx,0,PMAIP1,1,1,1
dx,0,PMEL,3,0.5,1
dx,0,PMEPA1,3,0.5,1
dx,0,PMFBP1,0,0.5,1
dx,0,PMVK,1,1,1
dx,0,PNMA5,1,1,1
dx,0,POC1A,1,1,1
dx,0,POC1B,1,1,1
dx,0,PODXL2,3,0.5,1
dx,0,POGLUT1,1,1,1
dx,0,POLDIP2,1,1,1
dx,0,POLDIP3,1,1,1
dx,0,POLH,1,1,1
dx,0,POLN,0,0.5,1
dx,0,POLR1C,1,1,1
dx,0,POLR1E,1,1,1
dx,0,POLR3D,1,1,1
dx,0,POLR3H,1,1,1
dx,0,POMC,1,1,1
dx,0,POMGNT1,3,0.5,1
dx,0,POP1,1,1,1
dx,0,POP4,1,1,1
dx,0,POPDC2,1,1,1
dx,0,POR,1,1,1
dx,0,POU2F2,2,1,1
dx,0,POU6F1,3,0.5,1
dx,0,PPA1,1,1,1
dx,0,PPA2,1,1,1
dx,0,PPAP2A,1,1,1
dx,0,PPAPDC3,1,1,1
dx,0,PPARA,1,1,1
dx,0,PPARD,1,1,1
dx,0,PPAT,1,1,1
dx,0,PPBP,1,1,1
dx,0,PPCDC,1,1,1
dx,0,PPIB,1,1,1
dx,0,PPM1K,1,1,1
dx,0,PPM1L,2,1,1
dx,0,PPM1N,1,1,1
dx,0,PPP1R17,3,0.5,1
dx,0,PPP1R35,1,1,1
dx,0,PPP1R37,1,1,1
dx,0,PPP2R3C,1,1,1
dx,0,PPP2R5B,1,1,1
dx,0,PPP4R1L,1,1,1
dx,0,PRC1,1,1,1
dx,0,PRCC,1,1,1
dx,0,PRDM1,1,1,1
dx,0,PRDM15,3,0.5,1
dx,0,PRDM8,1,1,1
dx,0,PRDX2,1,1,1
dx,0,PREPL,1,1,1
dx,0,PRF1,0,0.5,1
dx,0,PRICKLE1,3,0.5,1
dx,0,PRIM2,1,1,1
dx,0,PRKCDBP,1,1,1
dx,0,PRKD2,1,1,1
dx,0,PRMT10,1,1,1
dx,0,PRMT6,0,0.5,1
dx,0,PROC,3,0.5,1
dx,0,PROCA1,1,1,1
dx,0,PRPF39,3,0.5,1
dx,0,PRPF40B,1,1,1
dx,0,PRPF6,1,1,1
dx,0,PRR4,1,1,1
dx,0,PRR5,1,1,1
dx,0,PRSS21,1,1,1
dx,0,PSIP1,1,1,1
dx,0,PSMA4,2,1,1
dx,0,PSMA8,1,1,1
dx,0,PSMD13,1,1,1
dx,0,PSMD3,1,1,1
dx,0,PSMD5,3,0.5,1
dx,0,PSME2,3,0.5,1
dx,0,PTCH2,1,1,1
dx,0,PTCRA,0,0.5,1
dx,0,PTGDR2,0,0.5,1
dx,0,PTGDS,0,0.5,1
dx,0,PTGER2,1,1,1
dx,0,PTGER4,1,1,1
dx,0,PTGES2,1,1,1
dx,0,PTGES3,1,1,1
dx,0,PTGIR,1,1,1
dx,0,PTGS2,3,0.5,1
dx,0,PTMS,1,1,1
dx,0,PTP4A3,1,1,1
dx,0,PTPN13,1,1,1
dx,0,PTPN7,1,1,1
dx,0,PTPRA,1,1,1
dx,0,PTPRCAP,0,0.5,1
dx,0,PTRH1,1,1,1
dx,0,PTRHD1,1,1,1
dx,0,PTX3,0,0.5,1
dx,0,PUS1,1,1,1
dx,0,PWWP2B,1,1,1
dx,0,PYROXD1,1,1,1
dx,0,QPCT,1,1,1
dx,0,QPRT,1,1,1
dx,0,RAB11FIP2,1,1,1
dx,0,RAB11FIP4,1,1,1
dx,0,RAB27B,2,1,1
dx,0,RAB3A,1,1,1
dx,0,RAB5B,3,0.5,1
dx,0,RAB9A,1,1,1
dx,0,RABEP1,1,1,1
dx,0,RABGAP1L,1,1,1
dx,0,RABGGTB,1,1,1
dx,0,RABL5,1,1,1
dx,0,RACGAP1,1,1,1
dx,0,RAD1,1,1,1
dx,0,RAD51D,3,0.5,1
dx,0,RALGDS,1,1,1
dx,0,RAPGEF1,1,1,1
dx,0,RAPSN,1,1,1
dx,0,RASD1,1,1,1
dx,0,RASGEF1B,1,1,1
dx,0,RASGRP2,1,1,1
dx,0,RBBP8,1,1,1
dx,0,RBM12B,1,1,1
dx,0,RBM19,1,1,1
dx,0,RBM28,1,1,1
dx,0,RBM4B,1,1,1
dx,0,RBMX2,1,1,1
dx,0,RBP7,2,1,1
dx,0,RBPJ,1,1,1
dx,0,RCN1,1,1,1
dx,0,RDX,1,1,1
dx,0,REC8,1,1,1
dx,0,RECK,1,1,1
dx,0,REEP3,1,1,1
dx,0,RELL2,1,1,1
dx,0,RETN,2,1,1
dx,0,RFC5,1,1,1
dx,0,RFESD,1,1,1
dx,0,RFT1,1,1,1
dx,0,RFXAP,2,1,1
dx,0,RGCC,3,0.5,1
dx,0,RGL4,1,1,1
dx,0,RGMA,1,1,1
dx,0,RGS1,1,1,1
dx,0,RGS10,1,1,1
dx,0,RGS18,2,1,1
dx,0,RGS2,3,0.5,1
dx,0,RHBDD3,1,1,1
dx,0,RHOB,2,1,1
dx,0,RHOC,1,1,1
dx,0,RHOF,1,1,1
dx,0,RHOH,0,0.5,1
dx,0,RIBC1,3,0.5,1
dx,0,RILPL2,1,1,1
dx,0,RIN1,1,1,1
dx,0,RMND5A,1,1,1
dx,0,RNASE1,1,1,1
dx,0,RNASE2,1,1,1
dx,0,RNASE6,1,1,1
dx,0,RNASEH1,1,1,1
dx,0,RNASET2,0,0.5,1
dx,0,RNF11,1,1,1
dx,0,RNF113A,1,1,1
dx,0,RNF144B,2,1,1
dx,0,RNF169,1,1,1
dx,0,RNF207,1,1,1
dx,0,RNF25,1,1,1
dx,0,RNF43,1,1,1
dx,0,RNLS,1,1,1
dx,0,RNMTL1,2,1,1
dx,0,ROPN1L,1,1,1
dx,0,RORA,3,0.5,1
dx,0,RPF2,1,1,1
dx,0,RPGR,1,1,1
dx,0,RPH3AL,1,1,1
dx,0,RPL10,1,1,1
dx,0,RPL10A,2,1,1
dx,0,RPL13A,0,0.5,1
dx,0,RPL27A,0,0.5,1
dx,0,RPL3,0,0.5,1
dx,0,RPLP0,1,1,1
dx,0,RPP38,1,1,1
dx,0,RPS10,2,1,1
dx,0,RPS18,0,0.5,1
dx,0,RPS19,3,0.5,1
dx,0,RPS2,3,0.5,1
dx,0,RPS23,1,1,1
dx,0,RPS3A,1,1,1
dx,0,RPS5,2,1,1
dx,0,RPS6,3,0.5,1
dx,0,RPS6KB2,1,1,1
dx,0,RPS8,2,1,1
dx,0,RPSA,1,1,1
dx,0,RRAD,3,0.5,1
dx,0,RRAS,1,1,1
dx,0,RRP12,2,1,1
dx,0,RRP15,1,1,1
dx,0,RSAD2,1,1,1
dx,0,RSBN1,1,1,1
dx,0,RSPH3,1,1,1
dx,0,RTCA,1,1,1
dx,0,RTEL1,0,0.5,1
dx,0,RUFY1,1,1,1
dx,0,RUNDC1,1,1,1
dx,0,RYBP,1,1,1
dx,0,RYR1,1,1,1
dx,0,S100A10,0,0.5,1
dx,0,S100A12,1,1,1
dx,0,S100A5,3,0.5,1
dx,0,S100A8,2,1,1
dx,0,S100A9,0,0.5,1
dx,0,S100B,1,1,1
dx,0,S100P,2,1,1
dx,0,S100Z,1,1,1
dx,0,S1PR4,1,1,1
dx,0,SAC3D1,1,1,1
dx,0,SAE1,1,1,1
dx,0,SAFB2,1,1,1
dx,0,SAMD3,2,1,1
dx,0,SAMD4A,1,1,1
dx,0,SAMD9,1,1,1
dx,0,SAMD9L,1,1,1
dx,0,SAMSN1,1,1,1
dx,0,SAP30,1,1,1
dx,0,SASH1,1,1,1
dx,0,SAT1,2,1,1
dx,0,SBSPON,3,0.5,1
dx,0,SCARB1,1,1,1
dx,0,SCARF1,3,0.5,1
dx,0,SCCPDH,1,1,1
dx,0,SCGB3A1,1,1,1
dx,0,SCML1,1,1,1
dx,0,SCN4B,0,0.5,1
dx,0,SCNN1A,1,1,1
dx,0,SCNN1D,3,0.5,1
dx,0,SCRN3,1,1,1
dx,0,SCYL2,1,1,1
dx,0,SDAD1,1,1,1
dx,0,SDCCAG3,3,0.5,1
dx,0,SDCCAG8,1,1,1
dx,0,SDF2L1,1,1,1
dx,0,SDPR,3,0.5,1
dx,0,SDS,1,1,1
dx,0,SEC23A,1,1,1
dx,0,SEH1L,1,1,1
dx,0,SEL1L,1,1,1
dx,0,SELL,1,1,1
dx,0,SEMA6B,1,1,1
dx,0,SENP3,2,1,1
dx,0,SEPN1,1,1,1
dx,0,SEPT1,1,1,1
dx,0,SEPT10,1,1,1
dx,0,SEPT11,1,1,1
dx,0,SERPINB2,1,1,1
dx,0,SERPINF1,1,1,1
dx,0,SERPING1,1,1,1
dx,0,SETBP1,1,1,1
dx,0,SETD9,1,1,1
dx,0,SEZ6,1,1,1
dx,0,SEZ6L,1,1,1
dx,0,SFTPD,1,1,1
dx,0,SGCB,3,0.5,1
dx,0,SGK1,2,1,1
dx,0,SGMS1,1,1,1
dx,0,SH2D1B,1,1,1
dx,0,SH3D21,2,1,1
dx,0,SHF,1,1,1
dx,0,SHPRH,1,1,1
dx,0,SIGLEC1,1,1,1
dx,0,SIGLEC10,1,1,1
dx,0,SIGLEC14,0,0.5,1
dx,0,SIGLEC5,1,1,1
dx,0,SIKE1,1,1,1
dx,0,SIMC1,1,1,1
dx,0,SKA3,1,1,1
dx,0,SKIL,1,1,1
dx,0,SLA,1,1,1
dx,0,SLAMF7,2,1,1
dx,0,SLC10A3,1,1,1
dx,0,SLC15A4,2,1,1
dx,0,SLC16A13,0,0.5,1
dx,0,SLC16A5,1,1,1
dx,0,SLC22A16,1,1,1
dx,0,SLC22A18,1,1,1
dx,0,SLC25A16,1,1,1
dx,0,SLC25A17,1,1,1
dx,0,SLC25A25,1,1,1
dx,0,SLC25A33,1,1,1
dx,0,SLC25A37,1,1,1
dx,0,SLC25A5,2,1,1
dx,0,SLC26A4,3,0.5,1
dx,0,SLC27A1,1,1,1
dx,0,SLC27A3,1,1,1
dx,0,SLC29A1,1,1,1
dx,0,SLC2A11,1,1,1
dx,0,SLC2A3,1,1,1
dx,0,SLC2A6,1,1,1
dx,0,SLC2A8,1,1,1
dx,0,SLC31A1,1,1,1
dx,0,SLC31A2,1,1,1
dx,0,SLC35C1,3,0.5,1
dx,0,SLC35D1,1,1,1
dx,0,SLC39A10,1,1,1
dx,0,SLC39A8,1,1,1
dx,0,SLC3A1,0,0.5,1
dx,0,SLC44A2,2,1,1
dx,0,SLC7A6OS,1,1,1
dx,0,SLC8A1,1,1,1
dx,0,SLC9A1,1,1,1
dx,0,SLC9A6,1,1,1
dx,0,SLFN11,1,1,1
dx,0,SLFN12L,0,0.5,1
dx,0,SLFN13,2,1,1
dx,0,SLU7,1,1,1
dx,0,SMARCC1,1,1,1
dx,0,SMARCD1,1,1,1
dx,0,SMC6,1,1,1
dx,0,SMEK2,1,1,1
dx,0,SMG8,1,1,1
dx,0,SMG9,1,1,1
dx,0,SMIM11,1,1,1
dx,0,SMIM14,1,1,1
dx,0,SMIM15,1,1,1
dx,0,SMOX,1,1,1
dx,0,SMPD2,1,1,1
dx,0,SMTN,1,1,1
dx,0,SMUG1,1,1,1
dx,0,SMURF1,1,1,1
dx,0,SMURF2,1,1,1
dx,0,SMYD5,1,1,1
dx,0,SNAI3,1,1,1
dx,0,SNAPC4,1,1,1
dx,0,SNAPC5,1,1,1
dx,0,SNCG,3,0.5,1
dx,0,SNRNP200,1,1,1
dx,0,SNRNP40,1,1,1
dx,0,SNX15,1,1,1
dx,0,SNX18,1,1,1
dx,0,SNX22,1,1,1
dx,0,SNX29,1,1,1
dx,0,SOCS3,1,1,1
dx,0,SOCS4,1,1,1
dx,0,SOCS5,1,1,1
dx,0,SOD1,1,1,1
dx,0,SOD2,1,1,1
dx,0,SOWAHD,1,1,1
dx,0,SOX4,1,1,1
dx,0,SP140L,1,1,1
dx,0,SP3,1,1,1
dx,0,SPAG9,1,1,1
dx,0,SPARC,3,0.5,1
dx,0,SPATA6L,1,1,1
dx,0,SPATC1L,1,1,1
dx,0,SPEF2,3,0.5,1
dx,0,SPIN4,1,1,1
dx,0,SPN,1,1,1
dx,0,SPOCK1,0,0.5,1
dx,0,SPON2,1,1,1
dx,0,SPR,1,1,1
dx,0,SPSB2,1,1,1
dx,0,SPTLC2,1,1,1
dx,0,SQLE,1,1,1
dx,0,SRBD1,1,1,1
dx,0,SRD5A3,1,1,1
dx,0,SRGAP1,1,1,1
dx,0,SRGAP3,1,1,1
dx,0,SRPR,1,1,1
dx,0,SRSF7,2,1,1
dx,0,SSB,1,1,1
dx,0,SSR1,1,1,1
dx,0,ST6GAL1,1,1,1
dx,0,ST7,1,1,1
dx,0,STAG1,1,1,1
dx,0,STAT1,1,1,1
dx,0,STC2,3,0.5,1
dx,0,STEAP4,3,0.5,1
dx,0,STK16,1,1,1
dx,0,STK17A,1,1,1
dx,0,STK36,3,0.5,1
dx,0,STK40,1,1,1
dx,0,STOML1,0,0.5,1
dx,0,STS,1,1,1
dx,0,STX18,1,1,1
dx,0,STX6,1,1,1
dx,0,STXBP2,3,0.5,1
dx,0,STXBP5,3,0.5,1
dx,0,SUCLG1,1,1,1
dx,0,SUCLG2,1,1,1
dx,0,SULT1A1,0,0.5,1
dx,0,SULT1B1,1,1,1
dx,0,SUPT7L,1,1,1
dx,0,SUSD2,2,1,1
dx,0,SVIL,1,1,1
dx,0,SVIP,1,1,1
dx,0,SWAP70,1,1,1
dx,0,SWI5,1,1,1
dx,0,SYCP2,3,0.5,1
dx,0,SYNC,1,1,1
dx,0,SYNCRIP,1,1,1
dx,0,SYNE2,0,0.5,1
dx,0,SYNRG,1,1,1
dx,0,SYP,3,0.5,1
dx,0,SYT1,1,1,1
dx,0,SYT17,3,0.5,1
dx,0,SYTL1,2,1,1
dx,0,TAF3,1,1,1
dx,0,TAF5L,1,1,1
dx,0,TAF6L,1,1,1
dx,0,TAF7,1,1,1
dx,0,TAF9,1,1,1
dx,0,TAGLN,1,1,1
dx,0,TAGLN2,1,1,1
dx,0,TAPBPL,1,1,1
dx,0,TAPT1,3,0.5,1
dx,0,TARBP1,1,1,1
dx,0,TARDBP,1,1,1
dx,0,TAS2R14,1,1,1
dx,0,TAX1BP3,1,1,1
dx,0,TBC1D12,1,1,1
dx,0,TBC1D8,1,1,1
dx,0,TBC1D8B,3,0.5,1
dx,0,TBCC,1,1,1
dx,0,TBCD,1,1,1
dx,0,TBL2,1,1,1
dx,0,TBRG4,1,1,1
dx,0,TCAP,1,1,1
dx,0,TCEA2,1,1,1
dx,0,TCEAL4,1,1,1
dx,0,TCF7L2,1,1,1
dx,0,TCL1A,2,1,1
dx,0,TCN2,1,1,1
dx,0,TCOF1,2,1,1
dx,0,TCP11L2,1,1,1
dx,0,TERF1,1,1,1
dx,0,TERF2,1,1,1
dx,0,TESC,1,1,1
dx,0,TEX261,1,1,1
dx,0,TFB1M,1,1,1
dx,0,TFRC,1,1,1
dx,0,TGFA,3,0.5,1
dx,0,TGM1,3,0.5,1
dx,0,TGM2,1,1,1
dx,0,THAP1,1,1,1
dx,0,THBD,1,1,1
dx,0,THBS1,0,0.5,1
dx,0,THOP1,1,1,1
dx,0,THRAP3,1,1,1
dx,0,TIMM21,1,1,1
dx,0,TIMM8A,1,1,1
dx,0,TIMP1,0,0.5,1
dx,0,TIPARP,0,0.5,1
dx,0,TLCD1,1,1,1
dx,0,TLE1,0,0.5,1
dx,0,TLN2,1,1,1
dx,0,TLR1,1,1,1
dx,0,TLR5,1,1,1
dx,0,TLR7,0,0.5,1
dx,0,TM7SF3,1,1,1
dx,0,TMA16,1,1,1
dx,0,TMC6,1,1,1
dx,0,TMCC2,0,0.5,1
dx,0,TMED10,1,1,1
dx,0,TMEM107,1,1,1
dx,0,TMEM116,1,1,1
dx,0,TMEM150A,1,1,1
dx,0,TMEM156,1,1,1
dx,0,TMEM161B,1,1,1
dx,0,TMEM176A,1,1,1
dx,0,TMEM176B,2,1,1
dx,0,TMEM177,1,1,1
dx,0,TMEM18,1,1,1
dx,0,TMEM183A,1,1,1
dx,0,TMEM2,3,0.5,1
dx,0,TMEM234,1,1,1
dx,0,TMEM238,1,1,1
dx,0,TMEM241,3,0.5,1
dx,0,TMEM38B,1,1,1
dx,0,TMEM40,0,0.5,1
dx,0,TMEM50B,1,1,1
dx,0,TMEM53,1,1,1
dx,0,TMEM55A,1,1,1
dx,0,TMEM67,1,1,1
dx,0,TMEM70,1,1,1
dx,0,TMEM79,1,1,1
dx,0,TMEM81,3,0.5,1
dx,0,TMPRSS13,0,0.5,1
dx,0,TMPRSS4,1,1,1
dx,0,TMSB15B,1,1,1
dx,0,TMTC3,3,0.5,1
dx,0,TMX4,1,1,1
dx,0,TNF,1,1,1
dx,0,TNFAIP3,1,1,1
dx,0,TNFAIP6,1,1,1
dx,0,TNFAIP8L1,1,1,1
dx,0,TNFRSF18,2,1,1
dx,0,TNFSF10,2,1,1
dx,0,TNKS1BP1,3,0.5,1
dx,0,TNNC2,1,1,1
dx,0,TNNT1,1,1,1
dx,0,TNR,3,0.5,1
dx,0,TOB1,1,1,1
dx,0,TOMM40,1,1,1
dx,0,TOPBP1,1,1,1
dx,0,TOPORS,1,1,1
dx,0,TP53,1,1,1
dx,0,TP53BP1,1,1,1
dx,0,TP53BP2,1,1,1
dx,0,TP53I13,1,1,1
dx,0,TP53I3,1,1,1
dx,0,TP53RK,1,1,1
dx,0,TPBG,3,0.5,1
dx,0,TPD52,1,1,1
dx,0,TPM1,1,1,1
dx,0,TPM2,2,1,1
dx,0,TPPP3,1,1,1
dx,0,TRABD2A,1,1,1
dx,0,TRAF2,0,0.5,1
dx,0,TRAF3,1,1,1
dx,0,TRAF5,1,1,1
dx,0,TRAM2,1,1,1
dx,0,TRAPPC12,1,1,1
dx,0,TRAPPC13,1,1,1
dx,0,TREM2,1,1,1
dx,0,TREML1,3,0.5,1
dx,0,TRIM24,1,1,1
dx,0,TRIM37,1,1,1
dx,0,TRIM52,1,1,1
dx,0,TRIM62,0,0.5,1
dx,0,TRIM69,1,1,1
dx,0,TRIQK,2,1,1
dx,0,TRMT10A,1,1,1
dx,0,TRMT1L,3,0.5,1
dx,0,TRMT44,1,1,1
dx,0,TRMT5,1,1,1
dx,0,TRPM4,1,1,1
dx,0,TRPV4,1,1,1
dx,0,TRUB2,1,1,1
dx,0,TSC22D1,1,1,1
dx,0,TSPAN2,3,0.5,1
dx,0,TSPAN3,1,1,1
dx,0,TSPAN31,1,1,1
dx,0,TSPAN4,1,1,1
dx,0,TSPYL2,1,1,1
dx,0,TSR2,1,1,1
dx,0,TSSK6,1,1,1
dx,0,TSTD1,1,1,1
dx,0,TTC21A,1,1,1
dx,0,TTC26,2,1,1
dx,0,TTC3,1,1,1
dx,0,TTC30A,0,0.5,1
dx,0,TUBA1A,2,1,1
dx,0,TUBA1B,1,1,1
dx,0,TUBA4A,1,1,1
dx,0,TUBB1,1,1,1
dx,0,TUBB2A,1,1,1
dx,0,TUBD1,1,1,1
dx,0,TUBG1,1,1,1
dx,0,TULP3,1,1,1
dx,0,TXK,0,0.5,1
dx,0,TXNDC15,2,1,1
dx,0,UBBP4,1,1,1
dx,0,UBC,0,0.5,1
dx,0,UBE2D4,1,1,1
dx,0,UBE2L6,1,1,1
dx,0,UBE3B,1,1,1
dx,0,UBE4B,1,1,1
dx,0,UBR7,1,1,1
dx,0,UBTD1,1,1,1
dx,0,UBTF,1,1,1
dx,0,UBXN2A,1,1,1
dx,0,UBXN2B,1,1,1
dx,0,UCN,1,1,1
dx,0,UCP2,2,1,1
dx,0,UEVLD,1,1,1
dx,0,UFL1,1,1,1
dx,0,UGDH,1,1,1
dx,0,UGGT2,1,1,1
dx,0,ULK4,1,1,1
dx,0,UNC119,1,1,1
dx,0,UNKL,3,0.5,1
dx,0,UPF3B,1,1,1
dx,0,UPK3A,1,1,1
dx,0,URI1,1,1,1
dx,0,UROS,1,1,1
dx,0,USP13,1,1,1
dx,0,USP30,1,1,1
dx,0,USP31,1,1,1
dx,0,USP35,1,1,1
dx,0,USP37,3,0.5,1
dx,0,USP5,1,1,1
dx,0,USP54,1,1,1
dx,0,UTP15,1,1,1
dx,0,UTRN,1,1,1
dx,0,UTS2,1,1,1
dx,0,UTS2B,1,1,1
dx,0,UVSSA,3,0.5,1
dx,0,VAMP5,2,1,1
dx,0,VARS2,1,1,1
dx,0,VAT1,1,1,1
dx,0,VAV2,1,1,1
dx,0,VAV3,1,1,1
dx,0,VCAN,1,1,1
dx,0,VDAC1,1,1,1
dx,0,VEGFB,1,1,1
dx,0,VILL,1,1,1
dx,0,VIPR1,1,1,1
dx,0,VMO1,1,1,1
dx,0,VNN2,3,0.5,1
dx,0,VPS53,1,1,1
dx,0,VPS9D1,1,1,1
dx,0,VRK1,1,1,1
dx,0,VRK2,1,1,1
dx,0,VSIG4,1,1,1
dx,0,VSTM1,1,1,1
dx,0,VWA9,2,1,1
dx,0,WARS,1,1,1
dx,0,WBP2NL,3,0.5,1
dx,0,WBP5,3,0.5,1
dx,0,WDFY4,1,1,1
dx,0,WDPCP,1,1,1
dx,0,WDR11,2,1,1
dx,0,WDR24,1,1,1
dx,0,WDR46,1,1,1
dx,0,WDR5,1,1,1
dx,0,WDR60,1,1,1
dx,0,WDR62,2,1,1
dx,0,WDR74,1,1,1
dx,0,WDR76,0,0.5,1
dx,0,WDR86,0,0.5,1
dx,0,WNT5B,3,0.5,1
dx,0,WRN,1,1,1
dx,0,WWOX,1,1,1
dx,0,XAF1,1,1,1
dx,0,XCL1,0,0.5,1
dx,0,XCL2,0,0.5,1
dx,0,XPA,1,1,1
dx,0,XPNPEP3,1,1,1
dx,0,XPO5,3,0.5,1
dx,0,XRCC4,1,1,1
dx,0,XRCC6BP1,1,1,1
dx,0,XYLB,2,1,1
dx,0,XYLT2,3,0.5,1
dx,0,YAF2,1,1,1
dx,0,YBX1,1,1,1
dx,0,YBX3,2,1,1
dx,0,YIPF5,1,1,1
dx,0,YJEFN3,0,0.5,1
dx,0,YTHDC2,1,1,1
dx,0,YWHAH,1,1,1
dx,0,ZBP1,2,1,1
dx,0,ZBTB10,1,1,1
dx,0,ZBTB16,3,0.5,1
dx,0,ZBTB24,1,1,1
dx,0,ZBTB37,0,0.5,1
dx,0,ZBTB43,1,1,1
dx,0,ZBTB49,1,1,1
dx,0,ZBTB7A,1,1,1
dx,0,ZBTB8A,0,0.5,1
dx,0,ZC2HC1A,1,1,1
dx,0,ZC3H12D,1,1,1
dx,0,ZC3H3,1,1,1
dx,0,ZC3H6,1,1,1
dx,0,ZCCHC9,1,1,1
dx,0,ZDHHC1,1,1,1
dx,0,ZDHHC2,1,1,1
dx,0,ZDHHC21,1,1,1
dx,0,ZEB1,0,0.5,1
dx,0,ZFAT,1,1,1
dx,0,ZFP36L1,2,1,1
dx,0,ZFP36L2,2,1,1
dx,0,ZFYVE16,1,1,1
dx,0,ZFYVE28,0,0.5,1
dx,0,ZG16B,1,1,1
dx,0,ZKSCAN5,1,1,1
dx,0,ZMAT5,1,1,1
dx,0,ZMYND11,1,1,1
dx,0,ZMYND8,1,1,1
dx,0,ZNF10,1,1,1
dx,0,ZNF117,1,1,1
dx,0,ZNF124,1,1,1
dx,0,ZNF169,1,1,1
dx,0,ZNF18,1,1,1
dx,0,ZNF180,1,1,1
dx,0,ZNF2,0,0.5,1
dx,0,ZNF200,3,0.5,1
dx,0,ZNF251,1,1,1
dx,0,ZNF257,1,1,1
dx,0,ZNF260,3,0.5,1
dx,0,ZNF273,3,0.5,1
dx,0,ZNF274,1,1,1
dx,0,ZNF280C,3,0.5,1
dx,0,ZNF280D,1,1,1
dx,0,ZNF302,1,1,1
dx,0,ZNF324B,0,0.5,1
dx,0,ZNF329,1,1,1
dx,0,ZNF331,1,1,1
dx,0,ZNF341,1,1,1
dx,0,ZNF343,3,0.5,1
dx,0,ZNF35,1,1,1
dx,0,ZNF354A,1,1,1
dx,0,ZNF354B,1,1,1
dx,0,ZNF383,1,1,1
dx,0,ZNF417,3,0.5,1
dx,0,ZNF419,0,0.5,1
dx,0,ZNF446,1,1,1
dx,0,ZNF449,1,1,1
dx,0,ZNF467,1,1,1
dx,0,ZNF469,2,1,1
dx,0,ZNF471,1,1,1
dx,0,ZNF486,1,1,1
dx,0,ZNF503,1,1,1
dx,0,ZNF528,0,0.5,1
dx,0,ZNF544,1,1,1
dx,0,ZNF562,1,1,1
dx,0,ZNF569,1,1,1
dx,0,ZNF573,1,1,1
dx,0,ZNF575,3,0.5,1
dx,0,ZNF576,1,1,1
dx,0,ZNF587B,1,1,1
dx,0,ZNF597,1,1,1
dx,0,ZNF600,1,1,1
dx,0,ZNF629,3,0.5,1
dx,0,ZNF677,1,1,1
dx,0,ZNF703,1,1,1
dx,0,ZNF71,1,1,1
dx,0,ZNF75A,1,1,1
dx,0,ZNF783,1,1,1
dx,0,ZNF799,0,0.5,1
dx,0,ZNF804A,0,0.5,1
dx,0,ZNF814,2,1,1
dx,0,ZNF821,3,0.5,1
dx,0,ZNF90,1,1,1
dx,0,ZNRF2,3,0.5,1
dx,0,ZRANB3,1,1,1
dx,0,ZSCAN22,1,1,1
dx,0,ZSCAN5A,1,1,1
dx,0,ZSWIM4,0,0.5,1
dx,0,ZXDA,0,0.5,1
dx,0,ZZZ3,1,1,1
